"AwsAccountId","AwsAccountAlias","BucketName","Region","BackupPlans","InBackupPlan","StandardIAStorage_SizeGB","StandardIAStorage_SizeTB","StandardIAStorage_SizeGiB","StandardIAStorage_SizeTiB","StandardIAStorage_SizeBytes","StandardIASizeOverhead_SizeGB","StandardIASizeOverhead_SizeTB","StandardIASizeOverhead_SizeGiB","StandardIASizeOverhead_SizeTiB","StandardIASizeOverhead_SizeBytes","NumberOfObjects-AllStorageTypes","StandardStorage_SizeGB","StandardStorage_SizeTB","StandardStorage_SizeGiB","StandardStorage_SizeTiB","StandardStorage_SizeBytes","DeepArchiveS3ObjectOverhead_SizeGB","DeepArchiveS3ObjectOverhead_SizeTB","DeepArchiveS3ObjectOverhead_SizeGiB","DeepArchiveS3ObjectOverhead_SizeTiB","DeepArchiveS3ObjectOverhead_SizeBytes","DeepArchiveObjectOverhead_SizeGB","DeepArchiveObjectOverhead_SizeTB","DeepArchiveObjectOverhead_SizeGiB","DeepArchiveObjectOverhead_SizeTiB","DeepArchiveObjectOverhead_SizeBytes","DeepArchiveStorage_SizeGB","DeepArchiveStorage_SizeTB","DeepArchiveStorage_SizeGiB","DeepArchiveStorage_SizeTiB","DeepArchiveStorage_SizeBytes","GlacierInstantRetrievalStorage_SizeGB","GlacierInstantRetrievalStorage_SizeTB","GlacierInstantRetrievalStorage_SizeGiB","GlacierInstantRetrievalStorage_SizeTiB","GlacierInstantRetrievalStorage_SizeBytes","IntelligentTieringFAStorage_SizeGB","IntelligentTieringFAStorage_SizeTB","IntelligentTieringFAStorage_SizeGiB","IntelligentTieringFAStorage_SizeTiB","IntelligentTieringFAStorage_SizeBytes","GlacierS3ObjectOverhead_SizeGB","GlacierS3ObjectOverhead_SizeTB","GlacierS3ObjectOverhead_SizeGiB","GlacierS3ObjectOverhead_SizeTiB","GlacierS3ObjectOverhead_SizeBytes","GlacierStorage_SizeGB","GlacierStorage_SizeTB","GlacierStorage_SizeGiB","GlacierStorage_SizeTiB","GlacierStorage_SizeBytes","GlacierObjectOverhead_SizeGB","GlacierObjectOverhead_SizeTB","GlacierObjectOverhead_SizeGiB","GlacierObjectOverhead_SizeTiB","GlacierObjectOverhead_SizeBytes","Tag:TagName-00036","Tag:TagName-00037","Tag:TagName-00021","Tag:TagName-00001","Tag:TagName-00038","Tag:TagName-00023","Tag:TagName-00039","Tag:TagName-00040","Tag:TagName-00041","Tag:TagName-00042","Tag:TagName-00043","Tag:TagName-00035","Tag:TagName-00044","Tag:TagName-00027","Tag:TagName-00004","Tag:TagName-00002","Tag:TagName-00045","Tag:TagName-00005","Tag:TagName-00046","Tag:TagName-00000","Tag:TagName-00014","Tag:TagName-00006","Tag:TagName-00007","Tag:TagName-00017","Tag:TagName-00015","Tag:TagName-00018","Tag:TagName-00016","Tag:TagName-00047","Tag:TagName-00048"
"AwsAccountId-00000","AwsAccountAlias-00000","BucketName-00000","us-west-2","","False","20.764","0.0208","19.338","0.0189","22295665228","2.895","0.0029","2.697","0.0026","3109016739","27024",,,,,,,,,,,,,,,,,,,,,,,,,,,,,,,,,,,,,,,,,,,,,,"TagValue-00090","TagValue-00091","TagValue-00092","TagValue-00043","TagValue-00093","TagValue-00094","TagValue-00095",,,,,,,,,,,,,,,,,,,,,,
"AwsAccountId-00000","AwsAccountAlias-00000","BucketName-00001","us-west-2","","False","38650.686","38.6507","35996.257","35.1526","41500858617852","0","0","0","0","130949","392880",,,,,,,,,,,,,,,,,,,,,,,,,,,,,,,,,,,,,,,,,,,,,,"TagValue-00096","TagValue-00091","TagValue-00092","TagValue-00043","TagValue-00093","TagValue-00094","TagValue-00097",,,,,,,,,,,,,,,,,,,,,,
"AwsAccountId-00000","AwsAccountAlias-00000","BucketName-00002","us-west-2","","False","0.767","0.0008","0.714","0.0007","823329267",,,,,,"14","0","0","0","0","1388",,,,,,,,,,,,,,,,,,,,,,,,,,,,,,,,,,,,,,,,,"TagValue-00098","TagValue-00091","TagValue-00092","TagValue-00043","TagValue-00093","TagValue-00094","TagValue-00099",,,,,,,,,,,,,,,,,,,,,,
"AwsAccountId-00000","AwsAccountAlias-00000","BucketName-00003","us-west-2","","False","20492.206","20.4922","19084.854","18.6376","22003338557881","0","0","0","0","130949","208329",,,,,,,,,,,,,,,,,,,,,,,,,,,,,,,,,,,,,,,,,,,,,,"TagValue-00000","TagValue-00091","TagValue-00092","TagValue-00043","TagValue-00093","TagValue-00094","TagValue-00001",,,,,,,,,,,,,,,,,,,,,,
"AwsAccountId-00000","AwsAccountAlias-00000","BucketName-00004","us-west-2","","False","9792.578","9.7926","9120.049","8.9063","10514700139303","0.002","0","0.002","0","2488031","99584","0","0","0","0","1962",,,,,,,,,,,,,,,,,,,,,,,,,,,,,,,,,,,,,,,,,"TagValue-00096","TagValue-00091","TagValue-00092","TagValue-00043","TagValue-00093","TagValue-00094","TagValue-00002",,,,,,,,,,,,,,,,,,,,,,
"AwsAccountId-00000","AwsAccountAlias-00000","BucketName-00005","us-west-2","","False","152.661","0.1527","142.176","0.1388","163918198792",,,,,,"7557",,,,,,,,,,,,,,,,,,,,,,,,,,,,,,,,,,,,,,,,,,,,,,"TagValue-00003","TagValue-00091","TagValue-00092","TagValue-00043","TagValue-00093","TagValue-00094","TagValue-00004",,,,,,,,,,,,,,,,,,,,,,
"AwsAccountId-00000","AwsAccountAlias-00000","BucketName-00006","us-west-2","","False","0","0","0","0","269095","0.004","0","0.003","0","3925209","434003","25805.91","25.8059","24033.627","23.4703","27708884996179",,,,,,,,,,,,,,,,,,,,,,,,,,,,,,,,,,,,,,,,,,,,,,,,,,,,,,,,,,,,,,,,,,,,,
"AwsAccountId-00000","AwsAccountAlias-00000","BucketName-00007","us-west-2","","False",,,,,,,,,,,"16656969","48.229","0.0482","44.916","0.0439","51785171006",,,,,,,,,,,,,,,,,,,,,,,,,,,,,,,,,,,,,,,,,,,,,,,,,,,,,,,,,,,,,,,,,,,,,
"AwsAccountId-00000","AwsAccountAlias-00000","BucketName-00008","us-west-2","","False",,,,,,,,,,,"1000090","1000.058","1.0001","931.377","0.9095","1073804494621",,,,,,,,,,,,,,,,,,,,,,,,,,,,,,,,,,,,,,,,,,,,,,,,,,,,,,,,,,,,,,,,,,,,,
"AwsAccountId-00000","AwsAccountAlias-00000","BucketName-00009","us-west-2","","False",,,,,,,,,,,"23187","1077.653","1.0777","1003.642","0.9801","1157120612051",,,,,,,,,,,,,,,,,,,,,,,,,,,,,,,,,,,,,,,,,,,,,,,,,,,,,,,,,,,,,,,,,,,,,
"AwsAccountId-00000","AwsAccountAlias-00000","BucketName-00000","us-west-2","","False",,,,,,,,,,,"1968","0","0","0","0","253872",,,,,,,,,,,,,,,,,,,,,,,,,,,,,,,,,,,,,,,,,,,,,,,,,,,,,,,,,,,,,,,,,,,,,
"AwsAccountId-00000","AwsAccountAlias-00000","BucketName-00001","us-west-2","","False",,,,,,,,,,,"20","0","0","0","0","2200",,,,,,,,,,,,,,,,,,,,,,,,,,,,,,,,,,,,,,,,,"TagValue-00005","TagValue-00091","TagValue-00092","TagValue-00043","TagValue-00093","TagValue-00094","TagValue-00006",,,,,,,,,,,,,,,,,,,,,,
"AwsAccountId-00000","AwsAccountAlias-00000","BucketName-00002","us-west-2","","False",,,,,,,,,,,"3371","1.68","0.0017","1.565","0.0015","1803772922",,,,,,,,,,,,,,,,,,,,,,,,,,,,,,,,,,,,,,,,,,,,,,,,,,,,,,,,,,,,,,,,,,,,,
"AwsAccountId-00000","AwsAccountAlias-00000","BucketName-00003","us-west-2","","False",,,,,,,,,,,"231889037","764.328","0.7643","711.836","0.6952","820691076782",,,,,,,,,,,,,,,,,,,,,,,,,,,,,,,,,,,,,,,,,,,,,,,,,,,,,,,,,,,,,,,,,,,,,
"AwsAccountId-00000","AwsAccountAlias-00000","BucketName-00004","us-west-2","","False",,,,,,,,,,,"181","0","0","0","0","24228",,,,,,,,,,,,,,,,,,,,,,,,,,,,,,,,,,,,,,,,,,,,,,,,,,,,,,,,,,,,,,,,,,,,,
"AwsAccountId-00000","AwsAccountAlias-00000","BucketName-00005","us-west-2","","False",,,,,,,,,,,"222100007","737.554","0.7376","686.901","0.6708","791942750885",,,,,,,,,,,,,,,,,,,,,,,,,,,,,,,,,,,,,,,,,,,,,,,,,,,,,,,,,,,,,,,,,,,,,
"AwsAccountId-00000","AwsAccountAlias-00000","BucketName-00006","us-west-2","","False","10246.802","10.2468","9543.078","9.3194","11002419809543","0.004","0","0.004","0","4452266","104228","0","0","0","0","1090",,,,,,,,,,,,,,,,,,,,,,,,,,,,,,,,,,,,,,,,,"TagValue-00007","TagValue-00091","TagValue-00092","TagValue-00043","TagValue-00093","TagValue-00094","TagValue-00008",,,,,,,,,,,,,,,,,,,,,,
"AwsAccountId-00000","AwsAccountAlias-00000","BucketName-00007","us-west-2","","False",,,,,,,,,,,"13793","691.163","0.6912","643.696","0.6286","742131011886","0.001","0","0.001","0","1548288","0.006","0","0.005","0","6193152","17.346","0.0173","16.155","0.0158","18624959083",,,,,,,,,,,,,,,,,,,,,,,,,,,,,,,,,,,,,,,,,,,,,,,,,,,,,,
"AwsAccountId-00000","AwsAccountAlias-00000","BucketName-00008","us-west-2","","False",,,,,,,,,,,"3","0","0","0","0","410",,,,,,,,,,,,,,,,,,,,,,,,,,,,,,,,,,,,,,,,,,,,,,,,,,,,,,,,,,,,,,,,,,,,,
"AwsAccountId-00000","AwsAccountAlias-00000","BucketName-00009","us-west-2","","False",,,,,,,,,,,"125","0.004","0","0.003","0","3763506",,,,,,,,,,,,,,,,,,,,,,,,,,,,,,,,,,,,,,,,,,,,,,,,,,,,,,,,,,,,,,,,,,,,,
"AwsAccountId-00000","AwsAccountAlias-00000","TagValue-00003","us-west-2","","False",,,,,,,,,,,"5006016","50.208","0.0502","46.76","0.0457","53910127373",,,,,,,,,,,,,,,,,,,,,,,,,,,,,,,,,,,,,,,,,,,,,,,,,,,,,,,,,,,,,,,,,,,,,
"AwsAccountId-00000","AwsAccountAlias-00000","BucketName-00010","us-west-2","","False","603.637","0.6036","562.181","0.549","648150383126",,,,,,"6582","0","0","0","0","45126",,,,,,,,,,,,,,,,,,,,,,,,,,,,,,,,,,,,,,,,,"TagValue-00009","TagValue-00091","TagValue-00092","TagValue-00043","TagValue-00093","TagValue-00094","TagValue-00010",,,,,,,,,,,,,,,,,,,,,,
"AwsAccountId-00000","AwsAccountAlias-00000","BucketName-00011","us-west-2","","False",,,,,,,,,,,"10435","67.462","0.0675","62.829","0.0614","72436935724",,,,,,,,,,,,,,,,,,,,,,,,,,,,,,,,,,,,,,,,,"TagValue-00011","AwsAccountAlias-00000","TagValue-00092","TagValue-00043","TagValue-00012","TagValue-00094","TagValue-00013",,,,,,,,,,,,,,,,,,,,,,
"AwsAccountId-00000","AwsAccountAlias-00000","BucketName-00012","us-west-2","","False",,,,,,,,,,,"3379","160.877","0.1609","149.828","0.1463","172740452629",,,,,,,,,,,,,,,,,,,,,,,,,,,,,,,,,,,,,,,,,,,,,,,,,,,,,,,,,,,,,,,,,,,,,
"AwsAccountId-00000","AwsAccountAlias-00000","BucketName-00013","us-west-2","","False","40.725","0.0407","37.928","0.037","43728493951",,,,,,"2047",,,,,,,,,,,,,,,,,,,,,,,,,,,,,,,,,,,,,,,,,,,,,,"TagValue-00014","TagValue-00091","TagValue-00092","TagValue-00043","TagValue-00093","TagValue-00094","TagValue-00015",,,,,,,,,,,,,,,,,,,,,,
"AwsAccountId-00000","AwsAccountAlias-00000","BucketName-00014","us-west-2","","False",,,,,,,,,,,"2061",,,,,,,,,,,,,,,,,,,,,"201.406","0.2014","187.574","0.1832","216258231434",,,,,,,,,,,,,,,,,,,,,,,,,,,,,,,,,,,,,,,,,,,,,,,,,
"AwsAccountId-00000","AwsAccountAlias-00000","BucketName-00015","us-west-2","","False",,,,,,,,,,,,,,,,,,,,,,,,,,,,,,,,,,,,,,,,,,,,,,,,,,,,,,,,,,,,,,,,,,,,,,,,,,,,,,,,,,,,,
"AwsAccountId-00000","AwsAccountAlias-00000","BucketName-00016","us-west-2","","False","4309.168","4.3092","4013.225","3.9192","4626933742183","0.283","0.0003","0.264","0.0003","304007856","8467","0","0","0","0","311719",,,,,,,,,,,,,,,,,,,,,,,,,,,,,,,,,,,,,,,,,"TagValue-00016","TagValue-00091","TagValue-00092","TagValue-00043","TagValue-00093","TagValue-00094","TagValue-00017",,,,,,,,,,,,,,,,,,,,,,
"AwsAccountId-00000","AwsAccountAlias-00000","BucketName-00017","us-west-2","","False","5003.524","5.0035","4659.894","4.5507","5372492467066",,,,,,"51037",,,,,,,,,,,,,,,,,,,,,,,,,,,,,,,,,,,,,,,,,,,,,,"TagValue-00018","TagValue-00091","TagValue-00092","TagValue-00043","TagValue-00093","TagValue-00094","TagValue-00019",,,,,,,,,,,,,,,,,,,,,,
"AwsAccountId-00000","AwsAccountAlias-00000","BucketName-00018","us-west-2","","False","50.843","0.0508","47.352","0.0462","54592770652",,,,,,"2517",,,,,,,,,,,,,,,,,,,,,,,,,,,,,,,,,,,,,,,,,,,,,,"TagValue-00020","TagValue-00091","TagValue-00092","TagValue-00043","TagValue-00093","TagValue-00094","TagValue-00021",,,,,,,,,,,,,,,,,,,,,,
"AwsAccountId-00000","AwsAccountAlias-00000","BucketName-00019","us-west-2","","False","5003.299","5.0033","4659.685","4.5505","5372251415290","0","0","0","0","130950","51081",,,,,,,,,,,,,,,,,,,,,,,,,,,,,,,,,,,,,,,,,,,,,,"TagValue-00022","TagValue-00091","TagValue-00092","TagValue-00043","TagValue-00093","TagValue-00094","TagValue-00023",,,,,,,,,,,,,,,,,,,,,,
"AwsAccountId-00000","AwsAccountAlias-00000","BucketName-00020","us-west-2","","False",,,,,,,,,,,"204634","8.143","0.0081","7.583","0.0074","8743165343",,,,,,,,,,,,,,,,,,,,,,,,,,,,,,,,,,,,,,,,,,,,,,,,,,,,,,,,,,,,,,,,,,,,,
"AwsAccountId-00000","AwsAccountAlias-00000","BucketName-00021","us-west-2","","False","102.391","0.1024","95.359","0.0931","109941134550",,,,,,"5016",,,,,,,,,,,,,,,,,,,,,,,,,,,,,,,,,,,,,,,,,,,,,,"TagValue-00024","TagValue-00091","TagValue-00092","TagValue-00043","TagValue-00093","TagValue-00094","TagValue-00025",,,,,,,,,,,,,,,,,,,,,,
"AwsAccountId-00000","AwsAccountAlias-00000","BucketName-00022","us-west-2","","False","1351.618","1.3516","1258.792","1.2293","1451288914628","9.227","0.0092","8.593","0.0084","9907422007","278011",,,,,,,,,,,,,,,,,,,,,,,,,,,,,,,,,,,,,,,,,,,,,,"TagValue-00026","TagValue-00091","TagValue-00092","TagValue-00043","TagValue-00093","TagValue-00094","TagValue-00027",,,,,,,,,,,,,,,,,,,,,,
"AwsAccountId-00000","AwsAccountAlias-00000","BucketName-00023","us-west-2","","False","201.17","0.2012","187.354","0.183","216004365248",,,,,,"2061",,,,,,,,,,,,,,,,,,,,,,,,,,,,,,,,,,,,,,,,,,,,,,"TagValue-00028","TagValue-00091","TagValue-00092","TagValue-00043","TagValue-00093","TagValue-00094","TagValue-00029",,,,,,,,,,,,,,,,,,,,,,
"AwsAccountId-00000","AwsAccountAlias-00000","BucketName-00024","us-west-2","","False","1518.942","1.5189","1414.625","1.3815","1630951468953","0","0","0","0","380604","222137",,,,,,,,,,,,,,,,,,,,,,,,,,,,,,,,,,,,,,,,,,,,,,"TagValue-00030","TagValue-00091","TagValue-00092","TagValue-00043","TagValue-00093","TagValue-00094","TagValue-00031",,,,,,,,,,,,,,,,,,,,,,
"AwsAccountId-00000","AwsAccountAlias-00000","BucketName-00025","us-west-2","","False","1364.021","1.364","1270.343","1.2406","1464606070417","0.98","0.001","0.912","0.0009","1052026689","22884",,,,,,,,,,,,,,,,,,,,,,,,,,,,,,,,,,,,,,,,,,,,,,"TagValue-00032","TagValue-00091","TagValue-00092","TagValue-00043","TagValue-00093","TagValue-00094","TagValue-00033",,,,,,,,,,,,,,,,,,,,,,
"AwsAccountId-00000","AwsAccountAlias-00000","BucketName-00026","us-west-2","","False","40510.578","40.5106","37728.416","36.8442","43497901826105","0","0","0","0","392829","412455",,,,,,,,,,,,,,,,,,,,,,,,,,,,,,,,,,,,,,,,,,,,,,"TagValue-00034","TagValue-00091","TagValue-00092","TagValue-00043","TagValue-00093","TagValue-00094","TagValue-00035",,,,,,,,,,,,,,,,,,,,,,
"AwsAccountId-00000","AwsAccountAlias-00000","BucketName-00027","us-west-2","","False","774.593","0.7746","721.396","0.7045","831713065833","0.035","0","0.033","0","37928496","113735",,,,,,,,,,,,,,,,,,,,,,,,,,,,,,,,,,,,,,,,,,,,,,"TagValue-00036","TagValue-00091","TagValue-00092","TagValue-00043","TagValue-00093","TagValue-00094","TagValue-00037",,,,,,,,,,,,,,,,,,,,,,
"AwsAccountId-00000","AwsAccountAlias-00000","BucketName-00028","us-west-2","","False","20016.598","20.0166","18641.91","18.205","21492658774718","0","0","0","0","392832","204141",,,,,,,,,,,,,,,,,,,,,,,,,,,,,,,,,,,,,,,,,,,,,,"TagValue-00038","TagValue-00091","TagValue-00092","TagValue-00043","TagValue-00093","TagValue-00094","TagValue-00039",,,,,,,,,,,,,,,,,,,,,,
"AwsAccountId-00000","AwsAccountAlias-00000","BucketName-00029","us-west-2","","False","402.423","0.4024","374.786","0.366","432098920356",,,,,,"4544","0","0","0","0","45562",,,,,,,,,,,,,,,,,,,,,,,,,,,,,,,,,,,,,,,,,"TagValue-00040","TagValue-00091","TagValue-00092","TagValue-00043","TagValue-00093","TagValue-00094","TagValue-00041",,,,,,,,,,,,,,,,,,,,,,
"AwsAccountId-00000","AwsAccountAlias-00000","BucketName-00030","us-west-2","","False",,,,,,,,,,,"696","17.089","0.0171","15.915","0.0155","18349240539",,,,,,,,,,,,,,,,,,,,,,,,,,,,,,,,,,,,,,,,,,,,,,,,,,,,,,,,,,,,,,,,,,,,,
"AwsAccountId-00000","AwsAccountAlias-00000","BucketName-00031","us-west-2","","False",,,,,,,,,,,"42","1.699","0.0017","1.583","0.0015","1824784340",,,,,,,,,,,,,,,,,,,,,,,,,,,,,,,,,,,,,,,,,,,,,,,,,,,,,,,,,,,,,,,,,,,,,
"AwsAccountId-00000","AwsAccountAlias-00000","BucketName-00032","us-west-2","","False",,,,,,,,,,,"5101","0.013","0","0.012","0","14286401",,,,,,,,,,,,,,,,,,,,,,,,,,,,,,,,,,,,,,,,,,,,,,,,,,,,,,,,,,,,,,,,,,,,,
"AwsAccountId-00000","AwsAccountAlias-00000","BucketName-00033","us-west-2","","False",,,,,,,,,,,"1","0","0","0","0","195110",,,,,,,,,,,,,,,,,,,,,,,,,,,,,,,,,,,,,,,,,,,,,,,,"TagValue-00042","TagValue-00043","TagValue-00028","TagValue-00028","TagValue-00044",,,,,,,,,,,,,,,,,
"AwsAccountId-00000","AwsAccountAlias-00000","BucketName-00034","us-west-2","","False",,,,,,,,,,,"33","0.001","0","0.001","0","635355",,,,,,,,,,,,,,,,,,,,,,,,,,,,,,,,,,,,,,,,,"TagValue-00045","TagValue-00091","TagValue-00092","TagValue-00043","TagValue-00046","TagValue-00094","TagValue-00047",,,,,,,,,,,,,,,,,,,,,,
"AwsAccountId-00000","AwsAccountAlias-00000","BucketName-00035","us-west-2","","False",,,,,,,,,,,"4","0","0","0","0","746",,,,,,,,,,,,,,,,,,,,,,,,,,,,,,,,,,,,,,,,,,,,,,,,,,,,,,,,,,,,,,,,,,,,,
"AwsAccountId-00000","AwsAccountAlias-00000","BucketName-00036","us-west-2","","False",,,,,,,,,,,"2","0","0","0","0","932",,,,,,,,,,,,,,,,,,,,,,,,,,,,,,,,,,,,,,,,,,,,,,,,,,,,,,,,,,,,,,,,,,,,,
"AwsAccountId-00000","AwsAccountAlias-00000","BucketName-00037","us-west-2","","False",,,,,,,,,,,"1","0.921","0.0009","0.858","0.0008","989082353",,,,,,,,,,,,,,,,,,,,,,,,,,,,,,,,,,,,,,,,,,"TagValue-00091","TagValue-00048","TagValue-00043","TagValue-00093","TagValue-00094",,,,,,,"TagValue-00049","TagValue-00054",,,,,,,,,,,,,,,
"AwsAccountId-00000","AwsAccountAlias-00000","BucketName-00038","us-west-2","","False",,,,,,,,,,,"2150537","123.098","0.1231","114.644","0.112","132175669149",,,,,,,,,,,,,,,,,,,,,,,,,,,,,,,,,,,,,,,,,,,,,,,,,,,,,,,,,,,,,,,,,,,,,
"AwsAccountId-00000","AwsAccountAlias-00000","BucketName-00039","us-west-2","","False",,,,,,,,,,,"37030","3618.584","3.6186","3370.069","3.2911","3885424484584",,,,,,,,,,,,,,,,,,,,,,,,,,,,,,,,,,,,,,,,,,,,,,,,,,,,,,,,,,,,,,,,,,,,,
"AwsAccountId-00000","AwsAccountAlias-00000","BucketName-00040","us-west-2","","False",,,,,,,,,,,"922","3.068","0.0031","2.858","0.0028","3294708339",,,,,,,,,,,,,,,,,,,,,,,,,,,,,,,,,,,,,,,,,,,,,,,,,,,,,,,,,,,,,,,,,,,,,
"AwsAccountId-00000","AwsAccountAlias-00000","BucketName-00041","us-west-2","","False",,,,,,,,,,,"483244","33.54","0.0335","31.237","0.0305","36013334689",,,,,,,,,,,,,,,,,,,,,,,,,,,,,,,,,,,,,,,,,,,,,,,,,,,,,,,,,,,,,,,,,,,,,
"AwsAccountId-00000","AwsAccountAlias-00000","BucketName-00042","us-west-2","","False",,,,,,,,,,,"2","0","0","0","0","298",,,,,,,,,,,,,,,,,,,,,,,,,,,,,,,,,,,,,,,,,,,,,,,,,,,,,,,,,,,,,,,,,,,,,
"AwsAccountId-00000","AwsAccountAlias-00000","BucketName-00043","us-west-2","","False",,,,,,,,,,,"4","0.07","0.0001","0.065","0.0001","75331700",,,,,,,,,,,,,,,,,,,,,,,,,,,,,,,,,,,,,,,,,,,,,,,,,,,,,,,"TagValue-00050","TagValue-00051","TagValue-00052","TagValue-00053",,,,,,,,,,,
"AwsAccountId-00000","AwsAccountAlias-00000","BucketName-00044","us-west-2","","False",,,,,,,,,,,"13","0","0","0","0","332167",,,,,,,,,,,,,,,,,,,,,,,,,,,,,,,,,,,,,,,,,,,,,,,,,,,,,,,,,,,,,,,,,,,,,
"AwsAccountId-00000","AwsAccountAlias-00000","BucketName-00045","us-west-2","","False",,,,,,,,,,,"612763","36953.503","36.9535","34415.631","33.609","39678521326069",,,,,,,,,,,,,,,,,,,,,,,,,,,,,,,,,,,,,,,,,,,,,,,,,,,,,,,,,,,,,,,,,,,,,
"AwsAccountId-00000","AwsAccountAlias-00000","BucketName-00046","us-west-2","","False",,,,,,,,,,,"5005765","500.56","0.5006","466.183","0.4553","537472640477",,,,,,,,,,,,,,,,,,,,,,,,,,,,,,,,,,,,,,,,,,,,,,,,,,,,,,,,,,,,,,,,,,,,,
"AwsAccountId-00000","AwsAccountAlias-00000","BucketName-00047","us-west-2","","False",,,,,,,,,,,"2","0","0","0","0","319",,,,,,,,,,,,,,,,,,,,,,,,,,,,,,,,,,,,,,,,,,,,,,,,,,,,,,,,,,,,,,,,,,,,,
"AwsAccountId-00000","AwsAccountAlias-00000","BucketName-00048","us-west-2","","False",,,,,,,,,,,"1999433","200.061","0.2001","186.322","0.182","214814118240",,,,,,,,,,,,,,,,,,,,,,,,,,,,,,,,,,,,,,,,,,,,,,,,,,,,,,,,,,,,,,,,,,,,,
"AwsAccountId-00000","AwsAccountAlias-00000","BucketName-00049","us-west-2","","False",,,,,,,,,,,"18547","0.002","0","0.002","0","2284727",,,,,,,,,,,,,,,,,,,,,,,,,,,,,,,,,,,,,,,,,,,,,,,,,,,,,,,,,,,,,,,,,,,,,
"AwsAccountId-00000","AwsAccountAlias-00000","BucketName-00050","us-west-2","","False",,,,,,,,,,,"13000050","42.52","0.0425","39.6","0.0387","45655784736",,,,,,,,,,,,,,,,,,,,,,,,,,,,,,,,,,,,,,,,,,,,,,,,,,,,,,,,,,,,,,,,,,,,,
"AwsAccountId-00000","AwsAccountAlias-00000","TagValue-00022","us-west-2","","False",,,,,,,,,,,"2005710","2002.649","2.0026","1865.112","1.8214","2150328061047",,,,,,,,,,,,,,,,,,,,,,,,,,,,,,,,,,,,,,,,,,,,,,,,,,,,,,,,,,,,,,,,,,,,,
"AwsAccountId-00000","AwsAccountAlias-00000","TagValue-00030","us-west-2","","False",,,,,,,,,,,"444200054","1467.662","1.4677","1366.867","1.3348","1575890043392",,,,,,,,,,,,,,,,,,,,,,,,,,,,,,,,,,,,,,,,,,,,,,,,,,,,,,,,,,,,,,,,,,,,,
"AwsAccountId-00000","AwsAccountAlias-00000","BucketName-00051","us-west-2","","False","1030.187","1.0302","959.437","0.9369","1106155147759",,,,,,"10499",,,,,,,,,,,,,,,,,,,,,,,,,,,,,,,,,,,,,,,,,,,,,,"TagValue-00054","TagValue-00091","TagValue-00092","TagValue-00043","TagValue-00093","TagValue-00094","TagValue-00055",,,,,,,,,,,,,,,,,,,,,,
"AwsAccountId-00000","AwsAccountAlias-00000","BucketName-00052","us-west-2","","False","44.288","0.0443","41.246","0.0403","47553853433","0.001","0","0.001","0","892623","6523",,,,,,,,,,,,,,,,,,,,,,,,,,,,,,,,,,,,,,,,,,,,,,"BucketName-00050","TagValue-00091","TagValue-00092","TagValue-00043","TagValue-00093","TagValue-00094","TagValue-00056",,,,,,,,,,,,,,,,,,,,,,
"AwsAccountId-00000","AwsAccountAlias-00000","BucketName-00053","us-west-2","","False",,,,,,,,,,,"1","0","0","0","0","466615",,,,,,,,,,,,,,,,,,,,,,,,,,,,,,,,,,,,,,,,,,,,,,,,,,,,,,,,,,,,,,,,,,,,,
"AwsAccountId-00000","AwsAccountAlias-00000","BucketName-00054","us-west-2","","False","15017.08","15.0171","13985.746","13.658","16124467170193","0.003","0","0.002","0","2880746","153250",,,,,,,,,,,,,,,,,,,,,,,,,,,,,,,,,,,,,,,,,,,,,,"TagValue-00057","TagValue-00091","TagValue-00092","TagValue-00043","TagValue-00093","TagValue-00094","TagValue-00058",,,,,,,,,,,,,,,,,,,,,,
"AwsAccountId-00000","AwsAccountAlias-00000","BucketName-00055","us-west-2","","False",,,,,,,,,,,"363022","36.316","0.0363","33.822","0.033","38994313729",,,,,,,,,,,,,,,,,,,,,,,,,,,,,,,,,,,,,,,,,,,,,,,,,,,,,,,,,,,,,,,,,,,,,
"AwsAccountId-00000","AwsAccountAlias-00000","BucketName-00056","us-west-2","","False",,,,,,,,,,,"2","0","0","0","0","319",,,,,,,,,,,,,,,,,,,,,,,,,,,,,,,,,,,,,,,,,,,,,,,,,,,,,,,,,,,"TagValue-00059",,,,,,,,,,
"AwsAccountId-00000","AwsAccountAlias-00000","BucketName-00057","us-west-2","","False",,,,,,,,,,,"230899960","764.534","0.7645","712.028","0.6953","820911846122",,,,,,,,,,,,,,,,,,,,,,,,,,,,,,,,,,,,,,,,,,,,,,,,,,,,,,,,,,,,,,,,,,,,,
"AwsAccountId-00000","AwsAccountAlias-00000","BucketName-00058","us-west-2","","False",,,,,,,,,,,"617056","162.963","0.163","151.771","0.1482","174980258537",,,,,,,,,,,,,,,,,,,,,,,,,,,,,,,,,,,,,,,,,,,,,,,,,,,,,,,,,,,,,,,,,,,,,
"AwsAccountId-00000","AwsAccountAlias-00000","BucketName-00059","us-west-2","","False","4003.093","4.0031","3728.171","3.6408","4298288774479","0","0","0","0","523776","40900",,,,,,,,,,,,,,,,,,,,,,,,,,,,,,,,,,,,,,,,,,,,,,"BucketName-00008","TagValue-00091","TagValue-00092","TagValue-00043","TagValue-00093","TagValue-00094","TagValue-00060",,,,,,,,,,,,,,,,,,,,,,
"AwsAccountId-00000","AwsAccountAlias-00000","BucketName-00060","us-west-2","","False",,,,,,,,,,,"199957148","658.075","0.6581","612.88","0.5985","706602538713",,,,,,,,,,,,,,,,,,,,,,,,,,,,,,,,,,,,,,,,,,,,,,,,,,,,,,,,,,,,,,,,,,,,,
"AwsAccountId-00000","AwsAccountAlias-00000","BucketName-00061","us-west-2","","False",,,,,,,,,,,"10011400","100.428","0.1004","93.531","0.0913","107833634024",,,,,,,,,,,,,,,,,,,,,,,,,,,,,,,,,,,,,,,,,,,,,,,,,,,,,,,,,,,,,,,,,,,,,
"AwsAccountId-00000","AwsAccountAlias-00000","TagValue-00096","us-west-2","","False",,,,,,,,,,,"20002719","20481.223","20.4812","19074.625","18.6276","21991545854070",,,,,,,,,,,,,,,,,,,,,,,,,,,,,,,,,,,,,,,,,,,,,,,,,,,,,,,,,,,,,,,,,,,,,
"AwsAccountId-00000","AwsAccountAlias-00000","BucketName-00062","us-west-2","","False",,,,,,,,,,,"111072","761.919","0.7619","709.592","0.693","818104121170",,,,,,,,,,,,,,,,,,,,,,,,,,,,,,,,,,,,,,,,,"TagValue-00061","TagValue-00091","TagValue-00092","TagValue-00043","TagValue-00093","TagValue-00094","TagValue-00062",,,,,,,,,,,,,,,,,,,,,,
"AwsAccountId-00000","AwsAccountAlias-00000","BucketName-00063","us-west-2","","False",,,,,,,,,,,"100231","673.839","0.6738","627.562","0.6129","723529535119",,,,,,,,,,,,,,,,,,,,,,,,,,,,,,,,,,,,,,,,,"TagValue-00063","TagValue-00091","TagValue-00092","TagValue-00043","TagValue-00093","TagValue-00094","TagValue-00064",,,,,,,,,,,,,,,,,,,,,,
"AwsAccountId-00000","AwsAccountAlias-00000","BucketName-00064","us-west-2","","False",,,,,,,,,,,"235448","2801.4","2.8014","2609.008","2.5479","3007980880295",,,,,,,,,,,,,,,,,,,,,,,,,,,,,,,,,,,,,,,,,,,,,,,,,,,,,,,"TagValue-00066","TagValue-00067",,"TagValue-00069",,"TagValue-00065","TagValue-00068",,,,,,,,
"AwsAccountId-00000","AwsAccountAlias-00000","BucketName-00065","us-west-2","","False","788.059","0.7881","733.937","0.7167","846171936258","0.004","0","0.003","0","3801119","115513",,,,,,,,,,,,,,,,,,,,,,,,,,,,,,,,,,,,,,,,,,,,,,"TagValue-00070","TagValue-00091","TagValue-00092","TagValue-00043","TagValue-00093","TagValue-00094","TagValue-00071",,,,,,,,,,,,,,,,,,,,,,
"AwsAccountId-00000","AwsAccountAlias-00000","BucketName-00066","us-west-2","","False","1006.157","1.0062","937.057","0.9151","1080352595082",,,,,,"10268",,,,,,,,,,,,,,,,,,,,,,,,,,,,,,,,,,,,,,,,,,,,,,"TagValue-00072","TagValue-00091","TagValue-00092","TagValue-00043","TagValue-00093","TagValue-00094","TagValue-00073",,,,,,,,,,,,,,,,,,,,,,
"AwsAccountId-00000","AwsAccountAlias-00000","BucketName-00067","us-west-2","","False","3.415","0.0034","3.18","0.0031","3666301732","0.002","0","0.002","0","2217017","516",,,,,,,,,,,,,,,,,,,,,,,,,,,,,,,,,,,,,,,,,,,,,,"TagValue-00074","TagValue-00091","TagValue-00092","TagValue-00043","TagValue-00093","TagValue-00094","TagValue-00075",,,,,,,,,,,,,,,,,,,,,,
"AwsAccountId-00000","AwsAccountAlias-00000","BucketName-00068","us-west-2","","False","4607.274","4.6073","4290.858","4.1903","4947022400398","0.096","0.0001","0.09","0.0001","103344008","4740","0.001","0","0.001","0","670552",,,,,,,,,,,,,,,,,,,,,,,,,,,,,,,,,,,,,,,,,"TagValue-00076","TagValue-00091","TagValue-00092","TagValue-00043","TagValue-00046","TagValue-00094","TagValue-00077",,,,,,,,,,,,,,,,,,,,,,
"AwsAccountId-00000","AwsAccountAlias-00000","TagValue-00024","us-west-2","","False",,,,,,,,,,,"10000060","100.433","0.1004","93.536","0.0913","107839319237",,,,,,,,,,,,,,,,,,,,,,,,,,,,,,,,,,,,,,,,,,,,,,,,,,,,,,,,,,,,,,,,,,,,,
"AwsAccountId-00000","AwsAccountAlias-00000","BucketName-00069","us-west-2","","False",,,,,,,,,,,"746","4.631","0.0046","4.313","0.0042","4972545307",,,,,,,,,,,,,,,,,,,,,,,,,,,,,,,,,,,,,,,,,,,,,,,,,,,,,,,,,,,,,,,,,,,,,
"AwsAccountId-00000","AwsAccountAlias-00000","BucketName-00070","us-west-2","","False",,,,,,,,,,,"663792","134.73","0.1347","125.477","0.1225","144665639861",,,,,,,,,,,,,,,,,,,,,,,,,,,,,,,,,,,,,,,,,,,,,,,,,,,,,,,,,,,,,,,,,,,,,
"AwsAccountId-00000","AwsAccountAlias-00000","BucketName-00071","us-west-2","","False",,,,,,,,,,,"1","0","0","0","0","28",,,,,,,,,,,,,,,,,,,,,,,,,,,,,,,,,,,,,,,,,,,,,,,,,,,,,,,,,,,,,,,,,,,,,
"AwsAccountId-00000","AwsAccountAlias-00000","BucketName-00072","us-west-2","","False",,,,,,,,,,,"2007535","200.457","0.2005","186.69","0.1823","215239138283",,,,,,,,,,,,,,,,,,,,,,,,,,,,,,,,,,,,,,,,,,,,,,,,,,,,,,,,,,,,,,,,,,,,,
"AwsAccountId-00000","AwsAccountAlias-00000","BucketName-00073","us-west-2","","False",,,,,,,,,,,"30000","118.03","0.118","109.924","0.1073","126733434288",,,,,,,,,,,,,,,,,,,,,,,,,,,,,,,,,,,,,,,,,,,,,,,,,,,,,,,,,,,,,,"Name-00005","TagValue-00008",,,,,,
"AwsAccountId-00000","AwsAccountAlias-00000","BucketName-00074","us-west-2","","False",,,,,,,,,,,"100922","1.008","0.001","0.939","0.0009","1082594034",,,,,,,,,,,,,,,,,,,,,,,,,,,,,,,,,,,,,,,,,,,,,,,,,,,,,,,,,,,,,,,,,,,,,
"AwsAccountId-00000","AwsAccountAlias-00000","BucketName-00075","us-west-2","","False",,,,,,,,,,,"593462","1731.372","1.7314","1612.466","1.5747","1859046185253",,,,,,,,,,,,,,,,,,,,,,,,,,,,,,,,,,,,,,,,,,,,,,,,,,,,,,,,,,,,,,,,,,,,,
"AwsAccountId-00000","AwsAccountAlias-00000","BucketName-00076","us-west-2","","False",,,,,,,,,,,"5000102","5000.276","5.0003","4656.87","4.5477","5369005928200",,,,,,,,,,,,,,,,,,,,,,,,,,,,,,,,,,,,,,,,,,,,,,,,,,,,,,,,,,,,,,,,,,,,,
"AwsAccountId-00000","AwsAccountAlias-00000","TagValue-00018","us-west-2","","False",,,,,,,,,,,"10007662","10004.252","10.0043","9317.185","9.0988","10741983468919",,,,,,,,,,,,,,,,,,,,,,,,,,,,,,,,,,,,,,,,,,,,,,,,,,,,,,,,,,,,,,,,,,,,,
"AwsAccountId-00000","AwsAccountAlias-00000","BucketName-00077","us-west-2","","False",,,,,,,,,,,"1000090","10.043","0.01","9.353","0.0091","10783235158",,,,,,,,,,,,,,,,,,,,,,,,,,,,,,,,,,,,,,,,,,,,,,,,,,,,,,,,,,,,,,,,,,,,,
"AwsAccountId-00000","AwsAccountAlias-00000","BucketName-00078","us-west-2","","False",,,,,,,,,,,"879","2.644","0.0026","2.463","0.0024","2839278681",,,,,,,,,,,,,,,,,,,,,,,,,,,,,,,,,,,,,,,,,,,,,,,,,,,,,,,,,,,,,,,,,,,,,
"AwsAccountId-00000","AwsAccountAlias-00000","BucketName-00079","us-west-2","","False",,,,,,,,,,,"10007800","1024.986","1.025","954.593","0.9322","1100570534048",,,,,,,,,,,,,,,,,,,,,,,,,,,,,,,,,,,,,,,,,,,,,,,,,,,,,,,,,,,,,,,,,,,,,
"AwsAccountId-00000","AwsAccountAlias-00000","BucketName-00080","us-west-2","","False",,,,,,,,,,,"2004566","20.091","0.0201","18.711","0.0183","21572710285",,,,,,,,,,,,,,,,,,,,,,,,,,,,,,,,,,,,,,,,,,,,,,,,,,,,,,,,,,,,,,,,,,,,,
"AwsAccountId-00000","AwsAccountAlias-00000","TagValue-00090","us-west-2","","False",,,,,,,,,,,"1000090","10.042","0.01","9.352","0.0091","10782235068",,,,,,,,,,,,,,,,,,,,,,,,,,,,,,,,,,,,,,,,,,,,,,,,,,,,,,,,,,,,,,,,,,,,,
"AwsAccountId-00000","AwsAccountAlias-00000","BucketName-00081","us-west-2","","False","201.212","0.2012","187.393","0.183","216049218038",,,,,,"2522","0","0","0","0","48396",,,,,,,,,,,,,,,,,,,,,,,,,,,,,,,,,,,,,,,,,"TagValue-00078","TagValue-00091","TagValue-00092","TagValue-00043","TagValue-00093","TagValue-00094","TagValue-00079",,,,,,,,,,,,,,,,,,,,,,
"AwsAccountId-00000","AwsAccountAlias-00000","BucketName-00082","us-west-2","","False","102.354","0.1024","95.324","0.0931","109901396969","0.002","0","0.002","0","1857502","1914","0","0","0","0","92650",,,,,,,,,,,,,,,,,,,,,,,,,,,,,,,,,,,,,,,,,"TagValue-00080","TagValue-00091","TagValue-00092","TagValue-00043","TagValue-00093","TagValue-00094","TagValue-00081",,,,,,,,,,,,,,,,,,,,,,
"AwsAccountId-00000","AwsAccountAlias-00000","BucketName-00083","us-west-2","","False","1000.633","1.0006","931.912","0.9101","1074421504080",,,,,,"10425","0","0","0","0","22248",,,,,,,,,,,,,,,,,,,,,,,,,,,,,,,,,,,,,,,,,"TagValue-00022","TagValue-00091","TagValue-00092","TagValue-00043","TagValue-00093","TagValue-00094","TagValue-00082",,,,,,,,,,,,,,,,,,,,,,
"AwsAccountId-00000","AwsAccountAlias-00000","BucketName-00084","us-west-2","","False",,,,,,,,,,,"10062601","74390.878","74.3909","69281.904","67.6581","79876596535558",,,,,,,,,,,,,,,,,,,,,,,,,,,,,,,,,,,,,,,,,,,,,,,,,,,,,,,,,,,,,,,,,,,,,
"AwsAccountId-00000","AwsAccountAlias-00000","BucketName-00085","us-west-2","","False","2.035","0.002","1.895","0.0019","2184562533",,,,,,"160",,,,,,,,,,,,,,,,,,,,,,,,,,,,,,,,,,,,,,,,,,,,,,"BucketName-00074","TagValue-00091","TagValue-00092","TagValue-00043","TagValue-00093","TagValue-00094","TagValue-00083",,,,,,,,,,,,,,,,,,,,,,
"AwsAccountId-00000","AwsAccountAlias-00000","BucketName-00086","us-west-2","","False",,,,,,,,,,,"230892523","761.285","0.7613","709.002","0.6924","817423957105",,,,,,,,,,,,,,,,,,,,,,,,,,,,,,,,,,,,,,,,,,,,,,,,,,,,,,,,,,,,,,,,,,,,,
"AwsAccountId-00000","AwsAccountAlias-00000","BucketName-00087","us-west-2","","False","4282.386","4.2824","3988.283","3.8948","4598177303913","0.039","0","0.036","0","41340858","1896","0","0","0","0","264334",,,,,,,,,,,,,,,,,,,,,,,,,,,,,,,,,,,,,,,,,"TagValue-00084","TagValue-00091","TagValue-00092","TagValue-00043","TagValue-00046","TagValue-00094","TagValue-00085",,,,,,,,,,,,,,,,,,,,,,
"AwsAccountId-00000","AwsAccountAlias-00000","BucketName-00088","us-west-2","","False","403.203","0.4032","375.513","0.3667","432936447236","0","0","0","0","246575","4150",,,,,,,,,,,,,,,,,,,,,,,,,,,,,,,,,,,,,,,,,,,,,,"BucketName-00072","TagValue-00091","TagValue-00092","TagValue-00043","TagValue-00093","TagValue-00094","TagValue-00086",,,,,,,,,,,,,,,,,,,,,,
"AwsAccountId-00000","AwsAccountAlias-00000","BucketName-00089","us-west-2","","False","4099.997","4.1","3818.419","3.7289","4402337902390","0.058","0.0001","0.054","0.0001","62008364","2370","0","0","0","0","374152",,,,,,,,,,,,,,,,,,,,,,,,,,,,,,,,,,,,,,,,,"TagValue-00087","TagValue-00091","TagValue-00092","TagValue-00043","TagValue-00093","TagValue-00094","TagValue-00088",,,,,,,,,,,,,,,,,,,,,,
"AwsAccountId-00000","AwsAccountAlias-00000","BucketName-00090","us-west-2","","False",,,,,,,,,,,"14","0.02","0","0.018","0","21211022",,,,,,,,,,,,,,,,,,,,,,,,,,,,,,,,,,,,,,,,,,,,,,,,,,,,,,,,,,,,,,,,,,,,,
"AwsAccountId-00000","AwsAccountAlias-00000","BucketName-00091","us-west-2","","False",,,,,,,,,,,"227484937","750.102","0.7501","698.587","0.6822","805415978722",,,,,,,,,,,,,,,,,,,,,,,,,,,,,,,,,,,,,,,,,,,,,,,,,,,,,,,,,,,,,,,,,,,,,
"AwsAccountId-00000","AwsAccountAlias-00000","BucketName-00092","us-west-2","","False",,,,,,,,,,,"2391","0","0","0","0","308439",,,,,,,,,,,,,,,,,,,,,,,,,,,,,,,,,,,,,,,,,,,,,,,,,,,,,,,,,,,,,,,,,,,,,
"AwsAccountId-00000","AwsAccountAlias-00000","TagValue-00034","us-west-2","","False",,,,,,,,,,,"10000060","10000.382","10.0004","9313.582","9.0953","10737828689148",,,,,,,,,,,,,,,,,,,,,,,,,,,,,,,,,,,,,,,,,,,,,,,,,,,,,,,,,,,,,,,,,,,,,
"AwsAccountId-00000","AwsAccountAlias-00000","BucketName-00093","us-west-2","","False",,,,,,,,,,,"45573","2.954","0.003","2.751","0.0027","3172191491",,,,,,,,,,,,,,,,,,,,,,,,,,,,,,,,,,,,,,,,,,,,,,,,,,,,,,,,,,,,,,,,,,,,,
"AwsAccountId-00000","AwsAccountAlias-00000","BucketName-00094","us-west-2","","False",,,,,,,,,,,"2","0","0","0","0","353",,,,,,,,,,,,,,,,,,,,,,,,,,,,,,,,,,,,,,,,,,,,,,,,,,,,,,,,,,,,,,,,,,,,,
"AwsAccountId-00000","AwsAccountAlias-00000","BucketName-00095","us-west-2","","False",,,,,,,,,,,"13724","3.507","0.0035","3.266","0.0032","3766008355",,,,,,,,,,,,,,,,,,,,,,,,,,,,,,,,,,,,,,,,,,,,,,,,,,,,,,,,,,,,,,,,,,,,,
"AwsAccountId-00000","AwsAccountAlias-00000","BucketName-00096","us-west-2","","False",,,,,,,,,,,"431","1.321","0.0013","1.23","0.0012","1417997693",,,,,,,,,,,,,,,,,,,,,,,,,,,,,,,,,,,,,,,,,,,,,,,,,,,,,,,,,,,,,,,,,,,,,
"AwsAccountId-00000","AwsAccountAlias-00000","BucketName-00097","us-west-2","","False",,,,,,,,,,,"176","16.464","0.0165","15.334","0.015","17678573084",,,,,,,,,,,,,,,,,,,,,,,,,,,,,,,,,,,,,,,,,,,,,,,,,,,,,,,,,,,,,,,,,,,,,
"AwsAccountId-00000","AwsAccountAlias-00000","BucketName-00098","us-west-2","","False",,,,,,,,,,,"3001955","1379.078","1.3791","1284.366","1.2543","1480773548391",,,,,,,,,,,,,,,,,,,,,,,,,,,,,,,,,,,,,,,,,,,,,,,,,,,,,,,,,,,,,,,,,,,,,
"AwsAccountId-00000","AwsAccountAlias-00000","BucketName-00099","us-west-2","","False","6943.771","6.9438","6466.891","6.3153","7455817341231","0.231","0.0002","0.215","0.0002","248160984","10750","0.001","0","0.001","0","1362924",,,,,,,,,,,,,,,,,,,,,,,,,,,,,,,,,,,,,,,,,"TagValue-00089","TagValue-00091","TagValue-00092","TagValue-00043","TagValue-00093","TagValue-00094","TagValue-00090",,,,,,,,,,,,,,,,,,,,,,
"AwsAccountId-00000","AwsAccountAlias-00000","BucketName-00000","us-west-2","","False",,,,,,,,,,,"6804","384.618","0.3846","358.203","0.3498","412980495926",,,,,,,,,,,,,,,,,,,,,,,,,,,,,,,,,,,,,,,,,,,,,,,,,,,,,,,,,,,,,,,,,,,,,
"AwsAccountId-00000","AwsAccountAlias-00000","BucketName-00001","us-west-2","","False",,,,,,,,,,,"36436","0.595","0.0006","0.554","0.0005","638949387",,,,,,,,,,,,,,,,,,,,,,,,,,,,,,,,,,,,,,,,,,,,,,,,,,,,,,,,,,,,,,,,,,,,,
"AwsAccountId-00000","AwsAccountAlias-00000","BucketName-00002","us-west-1","","False",,,,,,,,,,,"876","14.517","0.0145","13.52","0.0132","15587909200",,,,,,,,,,,,,,,,,,,,,,,,,,,,,,,,,,,,,,,,,,,,,,,,,,,,,,,,,,,,,,,,,,,,,
"AwsAccountId-00000","AwsAccountAlias-00000","BucketName-00003","us-west-1","","False",,,,,,,,,,,"20","0","0","0","0","315379",,,,,,,,,,,,,,,,,,,,,,,,,,,,,,,,,,,,,,,,,,,,,,,,,,,,,,,,,,,,,,,,,,,,,
"AwsAccountId-00000","AwsAccountAlias-00000","BucketName-00004","us-west-1","","False",,,,,,,,,,,"49979","1.543","0.0015","1.437","0.0014","1657311564",,,,,,,,,,,,,,,,,,,,,,,,,,,,,,,,,,,,,,,,,,,,,,,,,,,,,,,,,,,,,,,,,,,,,
"AwsAccountId-00000","AwsAccountAlias-00000","BucketName-00005","us-west-1","","False",,,,,,,,,,,"3949","0.045","0","0.042","0","48815864",,,,,,,,,,,,,,,,,,,,,,,,,,,,,,,,,,,,,,,,,,,,,,,,,,,,,,,,,,,,,,,,,,,,,
"AwsAccountId-00000","AwsAccountAlias-00000","BucketName-00006","us-west-1","","False","0.002","0","0.002","0","2410089","0.114","0.0001","0.106","0.0001","122108311","1144",,,,,,,,,,,,,,,,,,,,,"127.203","0.1272","118.467","0.1157","136583518797",,,,,,,,,,,,,,,,,,,,,,,,,,,,,,,,,,,,,,,"TagValue-00059","TagValue-00091",,,,,,,,,
"AwsAccountId-00000","AwsAccountAlias-00000","BucketName-00007","us-west-1","","False","0","0","0","0","335","0","0","0","0","261809","2",,,,,,,,,,,,,,,,,,,,,,,,,,,,,,,,,,,,,,,,,,,,,,,,,,,,,,,,,,,,,,,,,,,,,,,,,,
"AwsAccountId-00000","AwsAccountAlias-00000","BucketName-00008","us-west-1","","False",,,,,,,,,,,"2","0","0","0","0","15535",,,,,,,,,,,,,,,,,,,,,,,,,,,,,,,,,,,,,,,,,,,,,,,,,,,,,,,,,,,,,,,,,,,,,
"AwsAccountId-00000","AwsAccountAlias-00000","BucketName-00009","us-west-1","","False",,,,,,,,,,,"10455779","77.535","0.0775","72.21","0.0705","83252645747",,,,,,,,,,,,,,,,,,,,,,,,,,,,,,,,,,,,,,,,,,,,,,,,,,,,,,,,,,,,,,,,,,,,,
"AwsAccountId-00000","AwsAccountAlias-00000","BucketName-00010","us-west-1","","False",,,,,,,,,,,"30","10.432","0.0104","9.716","0.0095","11201283530",,,,,,,,,,,,,,,,,,,,,,,,,,,,,,,,,,,,,,,,,,,,,,,,,,,,,,,,,,,,,,,,,,,,,
"AwsAccountId-00000","AwsAccountAlias-00000","BucketName-00011","us-west-1","","False",,,,,,,,,,,"1","0","0","0","0","65504",,,,,,,,,,,,,,,,,,,,,,,,,,,,,,,,,,,,,,,,,,,,,,,,,,,,,,,,,,,,,,,,,,,,,
"AwsAccountId-00000","AwsAccountAlias-00000","BucketName-00012","us-east-1","","False",,,,,,,,,,,"58","0.143","0.0001","0.134","0.0001","154049344",,,,,,,,,,,,,,,,,,,,,"0.924","0.0009","0.86","0.0008","991605946",,,,,,,,,,,,,,,,,,,,,,,,,,,,,,"TagValue-00092","TagValue-00095",,"TagValue-00093",,,,,,"TagValue-00036","TagValue-00012","TagValue-00092","TagValue-00094",,
"AwsAccountId-00000","AwsAccountAlias-00000","BucketName-00013","us-east-1","","False",,,,,,,,,,,"50","0.001","0","0.001","0","1011228",,,,,,,,,,,,,,,,,,,,,,,,,,,,,,,,,,,,,,,,,,,,,,,,,,,,,,,,,,,,,,,,,,,,,
"AwsAccountId-00000","AwsAccountAlias-00000","BucketName-00014","us-east-1","","False",,,,,,,,,,,"99922","9790.342","9.7903","9117.966","8.9043","10512299525351",,,,,,,,,,,,,,,,,,,,,,,,,,,,,,,,,,,,,,,,,,,,,,,,,,,,,,,,,,,,,,,,,,,,,
"AwsAccountId-00000","AwsAccountAlias-00000","BucketName-00015","us-east-1","","False",,,,,,,,,,,"8658","0.001","0","0.001","0","1025069",,,,,,,,,,,,,,,,,,,,,,,,,,,,,,,,,,,,,,,,,,,,,,,,,,,,,,,,,,,,,,,,,,,,,
"AwsAccountId-00000","AwsAccountAlias-00000","BucketName-00016","us-east-1","","False",,,,,,,,,,,"35900","0.004","0","0.004","0","4526857",,,,,,,,,,,,,,,,,,,,,,,,,,,,,,,,,,,,,,,,,,,,,,,,,,,,,,,,,,,,,,,,,,,,,
"AwsAccountId-00000","AwsAccountAlias-00000","BucketName-00017","us-east-1","","False",,,,,,,,,,,"56","0.002","0","0.002","0","1964473",,,,,,,,,,,,,,,,,,,,,,,,,,,,,,,,,,,,,,,,,,,,,,,,,,,,,,,,,,,,,,,,,,,,,
"AwsAccountId-00000","AwsAccountAlias-00000","BucketName-00018","us-east-1","","False",,,,,,,,,,,"1986","0","0","0","0","244278",,,,,,,,,,,,,,,,,,,,,,,,,,,,,,,,,,,,,,,,,,,,,,,,,,,,,,,,,,,,,,,,,,,,,
"AwsAccountId-00000","AwsAccountAlias-00000","BucketName-00019","us-east-1","","False",,,,,,,,,,,"3","0.001","0","0.001","0","1005401",,,,,,,,,,,,,,,,,,,,,,,,,,,,,,,,,,,,,,,,,,,,,,,,,,,,,,,,,,,,,,,,,,,,,
"AwsAccountId-00000","AwsAccountAlias-00000","BucketName-00020","us-east-1","","False",,,,,,,,,,,"17","0","0","0","0","382110",,,,,,,,,,,,,,,,,,,,,,,,,,,,,,,,,,,,,,,,,,,,,,,,,,,,,,,,,,,,,,,,,,,,,
"AwsAccountId-00000","AwsAccountAlias-00000","BucketName-00021","us-east-1","","False",,,,,,,,,,,"2","0","0","0","0","288",,,,,,,,,,,,,,,,,,,,,,,,,,,,,,,,,,,,,,,,,,,,,,,,,,,,,,,,,,,,,,,,,,,,,
"AwsAccountId-00000","AwsAccountAlias-00000","BucketName-00022","us-east-1","","False",,,,,,,,,,,"6","0.012","0","0.011","0","12583656",,,,,,,,,,,,,,,,,,,,,,,,,,,,,,,,,,,,,,,,,,,,,,,,,,,,,,,,,,,,,,,,,,,,,
"AwsAccountId-00000","AwsAccountAlias-00000","BucketName-00023","us-east-1","","False",,,,,,,,,,,"146590","269.533","0.2695","251.022","0.2451","289409111809",,,,,,,,,,,,,,,,,,,,,,,,,,,,,,,,,,,,,,,,,,,,,,,,,,,,,,,,,,,,,,,,,,,,,
"AwsAccountId-00000","AwsAccountAlias-00000","BucketName-00024","us-east-1","","False",,,,,,,,,,,"44055","0.005","0","0.005","0","5422210",,,,,,,,,,,,,,,,,,,,,,,,,,,,,,,,,,,,,,,,,,,,,,,,,,,,,,,,,,,,,,,,,,,,,
"AwsAccountId-00000","AwsAccountAlias-00000","BucketName-00025","us-east-1","","False",,,,,,,,,,,"2","0","0","0","0","321",,,,,,,,,,,,,,,,,,,,,,,,,,,,,,,,,,,,,,,,,,,,,,,,,,,,,,,,,,,,,,,,,,,,,
"AwsAccountId-00000","AwsAccountAlias-00000","BucketName-00026","us-east-1","","False",,,,,,,,,,,"8","0","0","0","0","105770",,,,,,,,,,,,,,,,,,,,,,,,,,,,,,,,,,,,,,,,,,,,,,,,,,,,,,,,,,,,,,,,,,,,,
"AwsAccountId-00000","AwsAccountAlias-00000","BucketName-00027","us-east-1","","False",,,,,,,,,,,"347929","0.66","0.0007","0.615","0.0006","709093710",,,,,,,,,,,,,,,,,,,,,,,,,,,,,,,,,,,,,,,,,,,,,,,,,,,,,,,,,,,,,,,,,,,,,
"AwsAccountId-00000","AwsAccountAlias-00000","BucketName-00028","us-east-1","","False",,,,,,,,,,,"1","0","0","0","0","135",,,,,,,,,,,,,,,,,,,,,,,,,,,,,,,,,,,,,,,,,,,,,,,,,,,,,,,,,,,,,,,,,,,,,
"AwsAccountId-00000","AwsAccountAlias-00000","BucketName-00029","us-east-1","","False",,,,,,,,,,,"7","0","0","0","0","83861",,,,,,,,,,,,,,,,,,,,,,,,,,,,,,,,,,,,,,,,,,,,,,,,,,,,,,,,,,,,,,,,,,,,,
"AwsAccountId-00000","AwsAccountAlias-00000","BucketName-00030","us-east-1","","False",,,,,,,,,,,"9","0","0","0","0","148769",,,,,,,,,,,,,,,,,,,,,,,,,,,,,,,,,,,,,,,,,,,,,,,,,,,,,,,,,,,,,,,,,,,,,
"AwsAccountId-00000","AwsAccountAlias-00000","BucketName-00031","us-east-1","","False",,,,,,,,,,,"217","0.004","0","0.003","0","3963416",,,,,,,,,,,,,,,,,,,,,,,,,,,,,,,,,,,,,,,,,,,,,,,,,,,,,,,,,,,,,,,,,,,,,
"AwsAccountId-00000","AwsAccountAlias-00000","BucketName-00032","us-east-1","","False",,,,,,,,,,,"5448","0.392","0.0004","0.365","0.0004","420694789",,,,,,,,,,,,,,,,,,,,,,,,,,,,,,,,,,,,,,,,,,,,,,,,,,,,,,,"TagValue-00097","TagValue-00098",,"TagValue-00096",,,,,,,,,,,
"AwsAccountId-00000","AwsAccountAlias-00000","BucketName-00033","us-east-1","","False",,,,,,,,,,,"12","0","0","0","0","97018",,,,,,,,,,,,,,,,,,,,,,,,,,,,,,,,,,,,,,,,,,,,,,,,,,,,,,,,,,,,,,,,,,,,,
"AwsAccountId-00000","AwsAccountAlias-00000","BucketName-00034","us-east-1","","False",,,,,,,,,,,"664","0","0","0","0","72376",,,,,,,,,,,,,,,,,,,,,,,,,,,,,,,,,,,,,,,,,"TagValue-00099","TagValue-00100","TagValue-00092","TagValue-00043","TagValue-00101","TagValue-00048","TagValue-00102",,,,,,,,,,,,,,,,,,,,,,
"AwsAccountId-00000","AwsAccountAlias-00000","BucketName-00035","us-east-1","","False",,,,,,,,,,,"303","1.134","0.0011","1.056","0.001","1217607632",,,,,,,,,,,,,,,,,,,,,,,,,,,,,,,,,,,,,,,,,,,,,,,,,,,,,,,,,,,,,,,,,,,,,
"AwsAccountId-00000","AwsAccountAlias-00000","BucketName-00036","us-east-1","","False",,,,,,,,,,,"9","0","0","0","0","415574",,,,,,,,,,,,,,,,,,,,,,,,,,,,,,,,,,,,,,,,,,,,,,,,,,,,,,,,,,,,,,,,,,,,,
"AwsAccountId-00000","AwsAccountAlias-00000","BucketName-00037","us-east-1","","False",,,,,,,,,,,"4151899","1260.859","1.2609","1174.266","1.1467","1353837000114",,,,,,,,,,,,,,,,,,,,,,,,,,,,,,,,,,,,,,,,,,,,,,,,,,,,,,,,,,,,,,,,,,,,,
"AwsAccountId-00000","AwsAccountAlias-00000","BucketName-00038","us-east-1","","False",,,,,,,,,,,"34","0.001","0","0.001","0","763746",,,,,,,,,,,,,,,,,,,,,,,,,,,,,,,,,,,,,,,,,,,,,,,,,,,,,,,,,,,,,,,,,,,,,
"AwsAccountId-00000","AwsAccountAlias-00000","BucketName-00039","us-east-2","","False",,,,,,,,,,,"1","0","0","0","0","10361",,,,,,,,,,,,,,,,,,,,,,,,,,,,,,,,,,,,,,,,,,,,,,,,,,,,,,,,,,,,,,,,,,,,,
"AwsAccountId-00000","AwsAccountAlias-00000","BucketName-00040","us-east-2","","False",,,,,,,,,,,"35","0.012","0","0.011","0","13138618",,,,,,,,,,,,,,,,,,,,,,,,,,,,,,,,,,,,,,,,,,,,,,,,,,,,,,,,,,,,,,,,,,,,,
"AwsAccountId-00000","AwsAccountAlias-00000","BucketName-00041","us-east-2","","False",,,,,,,,,,,"7","0.513","0.0005","0.478","0.0005","550775198",,,,,,,,,,,,,,,,,,,,,,,,,,,,,,,,,,,,,,,,,,,,,,,,,,,,,,,,,,,,,,,,,,,,,
"AwsAccountId-00000","AwsAccountAlias-00000","BucketName-00042","us-east-2","","False",,,,,,,,,,,"19","7.26","0.0073","6.762","0.0066","7795564153",,,,,,,,,,,,,,,,,,,,,,,,,,,,,,,,,,,,,,,,,,,,,,,,,,,,,,,,,,,,,,,,,,,,,
"AwsAccountId-00001","AwsAccountAlias-00001","BucketName-00043","us-west-2","","False",,,,,,,,,,,"16656966","48.306","0.0483","44.989","0.0439","51868246334",,,,,,,,,,,,,,,,,,,,,,,,,,,,,,,,,,,,,,,,,,,,,,,,,,,,,,,,,,,,,,,,,,,,,
"AwsAccountId-00001","AwsAccountAlias-00001","BucketName-00044","us-west-2","","False",,,,,,,,,,,"1","0","0","0","0","13",,,,,,,,,,,,,,,,,,,,,,,,,,,,,,,,,,,,,,,,,,,,,,,,,,,,,,,,,,,,,,,,,,,,,
"AwsAccountId-00001","AwsAccountAlias-00001","BucketName-00045","us-west-2","","False",,,,,,,,,,,"1011623","10.17","0.0102","9.471","0.0092","10919735297",,,,,,,,,,,,,,,,,,,,,,,,,,,,,,,,,,,,,,,,,,,,,,,,,,,,,,,,,,,,,,,,,,,,,
"AwsAccountId-00001","AwsAccountAlias-00001","BucketName-00046","us-west-2","","False",,,,,,,,,,,"222793533","736.684","0.7367","686.091","0.67","791008523510",,,,,,,,,,,,,,,,,,,,,,,,,,,,,,,,,,,,,,,,,,,,,,,,,,,,,,,,,,,,,,,,,,,,,
"AwsAccountId-00001","AwsAccountAlias-00001","BucketName-00047","us-west-2","","False","752.12","0.7521","700.466","0.684","807582360597","26847.977","26.848","25004.127","24.4181","28827795266539","226099988",,,,,,,,,,,,,,,,,,,,,,,,,,,,,,,,,,,,,,,,,,,,,,,,,,,,,,,,,,,,,,,,,,,,,,,,,,
"AwsAccountId-00001","AwsAccountAlias-00001","BucketName-00048","us-west-2","","False",,,,,,,,,,,"1","0","0","0","0","466613",,,,,,,,,,,,,,,,,,,,,,,,,,,,,,,,,,,,,,,,,,,,,,,,,,,,,,,,,,,,,,,,,,,,,
"AwsAccountId-00001","AwsAccountAlias-00001","BucketName-00049","us-west-2","","False",,,,,,,,,,,"230926937","765.331","0.7653","712.77","0.6961","821768160462",,,,,,,,,,,,,,,,,,,,,,,,,,,,,,,,,,,,,,,,,,,,,,,,,,,,,,,,,,,,,,,,,,,,,
"AwsAccountId-00001","AwsAccountAlias-00001","BucketName-00050","us-west-2","","False",,,,,,,,,,,"72499","580.728","0.5807","540.845","0.5282","623552323028",,,,,,,,,,,,,,,,,,,,,,,,,,,,,,,,,,,,,,,,,,,,,,,,,,,,,,,,,,,,,,,,,,,,,
"AwsAccountId-00001","AwsAccountAlias-00001","BucketName-00051","us-west-2","","False",,,,,,,,,,,"30","0","0","0","0","3540",,,,,,,,,,,,,,,,,,,,,,,,,,,,,,,,,,,,,,,,,"TagValue-00103","TagValue-00104","TagValue-00092","TagValue-00043","TagValue-00107","TagValue-00094","TagValue-00108",,,,,,,,,,,,,,,,,,,,,"TagValue-00105","TagValue-00106"
"AwsAccountId-00001","AwsAccountAlias-00001","BucketName-00052","us-west-2","","False",,,,,,,,,,,"9","21.748","0.0217","20.254","0.0198","23351670670",,,,,,,,,,,,,,,,,,,,,,,,,,,,,,,,,,,,,,,,,,,,,,,,,,,,,,,,,,,,,,,,,,,,,
"AwsAccountId-00001","AwsAccountAlias-00001","BucketName-00053","us-west-1","","False",,,,,,,,,,,"35864","0.458","0.0005","0.426","0.0004","491618741",,,,,,,,,,,,,,,,,,,,,,,,,,,,,,,,,,,,,,,,,,,,,,,,,,,,,,,,,,,,,,,,,,,,,
"AwsAccountId-00001","AwsAccountAlias-00001","BucketName-00054","us-east-1","","False",,,,,,,,,,,"2423","0.006","0","0.005","0","6056638",,,,,,,,,,,,,,,,,,,,,,,,,,,,,,,,,,,,,,,,,,,,,,,,,,,,,,,"TagValue-00110","TagValue-00098",,"TagValue-00109",,,,,,,,,,,
"AwsAccountId-00001","AwsAccountAlias-00001","BucketName-00055","us-east-1","","False",,,,,,,,,,,"19","0","0","0","0","177649",,,,,,,,,,,,,,,,,,,,,,,,,,,,,,,,,,,,,,,,,,,,,,,,,,,,,,,,,,,,,,,,,,,,,
"AwsAccountId-00001","AwsAccountAlias-00001","BucketName-00056","us-east-1","","False",,,,,,,,,,,"1323654","2.557","0.0026","2.382","0.0023","2745775557",,,,,,,,,,,,,,,,,,,,,,,,,,,,,,,,,,,,,,,,,,,,,,,,,,,,,,,,,,,,,,,,,,,,,
"AwsAccountId-00001","AwsAccountAlias-00001","BucketName-00057","us-east-1","","False",,,,,,,,,,,"2","0","0","0","0","17942",,,,,,,,,,,,,,,,,,,,,,,,,,,,,,,,,,,,,,,,,,,,,,,,,,,,,,,,,,,,,,,,,,,,,
"AwsAccountId-00001","AwsAccountAlias-00001","BucketName-00058","us-east-1","","False",,,,,,,,,,,"5","0","0","0","0","35025",,,,,,,,,,,,,,,,,,,,,,,,,,,,,,,,,,,,,,,,,,,,,,,,,,,,,,,,,,,,,,,,,,,,,
"AwsAccountId-00001","AwsAccountAlias-00001","BucketName-00059","us-east-2","","False",,,,,,,,,,,"2","0","0","0","0","353",,,,,,,,,,,,,,,,,,,,,,,,,,,,,,,,,,,,,,,,,,,,,,,,,,,,,,,,,,,,,,,,,,,,,
"AwsAccountId-00001","AwsAccountAlias-00001","BucketName-00060","us-east-2","","False",,,,,,,,,,,"5","0","0","0","0","30102",,,,,,,,,,,,,,,,,,,,,,,,,,,,,,,,,,,,,,,,,,,,,,,,,,,,,,,,,,,,,,,,,,,,,
"AwsAccountId-00001","AwsAccountAlias-00001","BucketName-00061","us-east-2","","False",,,,,,,,,,,"2","0","0","0","0","327",,,,,,,,,,,,,,,,,,,,,,,,,,,,,,,,,,,,,,,,,,,,,,,,,,,,,,,,,,,,,,,,,,,,,
"AwsAccountId-00002","AwsAccountAlias-00002","BucketName-00062","us-west-2","","False",,,,,,,,,,,"76","0","0","0","0","55244",,,,,,,,,,,,,,,,,,,,,,,,,,,,,,,,,,,,,,,,,,,,,,,,,,,,,,,,,,,,,,,,,,,,,
"AwsAccountId-00002","AwsAccountAlias-00002","BucketName-00063","us-west-2","","False",,,,,,,,,,,"4","0","0","0","0","153367",,,,,,,,,,,,,,,,,,,,,,,,,,,,,,,,,,,,,,,,,,,,,,,,,,,,,,,,,,,,,,,,,,,,,
"AwsAccountId-00002","AwsAccountAlias-00002","BucketName-00064","us-west-1","","False",,,,,,,,,,,"3","0","0","0","0","20829",,,,,,,,,,,,,,,,,,,,,,,,,,,,,,,,,,,,,,,,,,,,,,,,,,,,,,,,,,,,,,,,,,,,,
"AwsAccountId-00002","AwsAccountAlias-00002","BucketName-00065","us-west-1","","False",,,,,,,,,,,"222668","21991.08","21.9911","20480.789","20.0008","23612742405392",,,,,,,,,,,,,,,,,,,,,,,,,,,,,,,,,,,,,,,,,,,,,,,,,,,,,,,,,,,,"TagValue-00065","TagValue-00111",,,,,,,,
"AwsAccountId-00002","AwsAccountAlias-00002","BucketName-00066","us-west-1","","False",,,,,,,,,,,"638","39","0.039","36.322","0.0355","41876086010",,,,,,,,,,,,,,,,,,,,,,,,,,,,,,,,,,,,,,,,,,,,,,,,,,,,,,,"BucketName-00066","TagValue-00067",,"TagValue-00113",,"TagValue-00065","TagValue-00112",,,,,,,,
"AwsAccountId-00002","AwsAccountAlias-00002","BucketName-00067","us-west-1","","False",,,,,,,,,,,"27900","0.153","0.0002","0.143","0.0001","164688793",,,,,,,,,,,,,,,,,,,,,,,,,,,,,,,,,,,,,,,,,,,,,,,,,,,,,,,,,,,,,,,,,,,,,
"AwsAccountId-00002","AwsAccountAlias-00002","BucketName-00068","us-east-1","","False",,,,,,,,,,,"5","0","0","0","0","56867",,,,,,,,,,,,,,,,,,,,,,,,,,,,,,,,,,,,,,,,,,,,,,,,,,,,,,,,,,,,,,,,,,,,,
"AwsAccountId-00002","AwsAccountAlias-00002","BucketName-00069","us-east-1","","False",,,,,,,,,,,"68233","0.151","0.0002","0.141","0.0001","162411717",,,,,,,,,,,,,,,,,,,,,,,,,,,,,,,,,,,,,,,,,,,,,,,,,,,,,,,,,,,,,,,,,,,,,
"AwsAccountId-00002","AwsAccountAlias-00002","BucketName-00070","us-east-1","","False",,,,,,,,,,,"939","1021.355","1.0214","951.211","0.9289","1096672109649",,,,,,,,,,,,,,,,,,,,,,,,,,"0","0","0","0","253952","61.606","0.0616","57.375","0.056","66148903093","0.001","0","0.001","0","1015808",,,,,,,,,,,,,,,"TagValue-00115","TagValue-00067",,"TagValue-00114",,,,,,,,,,,
"AwsAccountId-00002","AwsAccountAlias-00002","BucketName-00071","us-east-1","","False",,,,,,,,,,,"7","0","0","0","0","66040",,,,,,,,,,,,,,,,,,,,,,,,,,,,,,,,,,,,,,,,,,,,,,,,,,,,,,,,,,,,,,,,,,,,,
"AwsAccountId-00002","AwsAccountAlias-00002","BucketName-00072","us-east-1","","False",,,,,,,,,,,"2283","0.007","0","0.007","0","7522463",,,,,,,,,,,,,,,,,,,,,,,,,,,,,,,,,,,,,,,,,,,,,,,,,,,,,,,"TagValue-00117","TagValue-00098",,"TagValue-00116",,,,,,,,,,,
"AwsAccountId-00002","AwsAccountAlias-00002","BucketName-00073","us-east-1","","False",,,,,,,,,,,"10","0","0","0","0","219941",,,,,,,,,,,,,,,,,,,,,,,,,,,,,,,,,,,,,,,,,,,,,,,,,,,,,,,,,,,,,,,,,,,,,
"AwsAccountId-00002","AwsAccountAlias-00002","BucketName-00074","us-east-1","","False",,,,,,,,,,,"3","0","0","0","0","47701",,,,,,,,,,,,,,,,,,,,,,,,,,,,,,,,,,,,,,,,,,,,,,,,,,,,,,,,,,,,,,,,,,,,,
"AwsAccountId-00002","AwsAccountAlias-00002","BucketName-00075","us-east-1","","False",,,,,,,,,,,"8","0","0","0","0","143936",,,,,,,,,,,,,,,,,,,,,,,,,,,,,,,,,,,,,,,,,,,,,,,,,,,,,,,,,,,,,,,,,,,,,
"AwsAccountId-00002","AwsAccountAlias-00002","BucketName-00076","us-east-1","","False",,,,,,,,,,,"162","0.004","0","0.004","0","4235263",,,,,,,,,,,,,,,,,,,,,,,,,,,,,,,,,,,,,,,,,,,,,,,,,,,,,,,,,,,,,,,,,,,,,
"AwsAccountId-00002","AwsAccountAlias-00002","BucketName-00077","us-east-1","","False",,,,,,,,,,,"6","0","0","0","0","71941",,,,,,,,,,,,,,,,,,,,,,,,,,,,,,,,,,,,,,,,,,,,,,,,,,,,,,,,,,,,,,,,,,,,,
"AwsAccountId-00002","AwsAccountAlias-00002","BucketName-00078","us-east-1","","False",,,,,,,,,,,"3","0","0","0","0","14277",,,,,,,,,,,,,,,,,,,,,,,,,,,,,,,,,,,,,,,,,,,,,,,,,,,,,,,,,,,,,,,,,,,,,
"AwsAccountId-00002","AwsAccountAlias-00002","BucketName-00079","us-east-1","","False",,,,,,,,,,,"7","0","0","0","0","83081",,,,,,,,,,,,,,,,,,,,,,,,,,,,,,,,,,,,,,,,,,,,,,,,,,,,,,,,,,,,,,,,,,,,,
"AwsAccountId-00002","AwsAccountAlias-00002","BucketName-00080","us-east-1","","False",,,,,,,,,,,"3","0","0","0","0","14700",,,,,,,,,,,,,,,,,,,,,,,,,,,,,,,,,,,,,,,,,,,,,,,,,,,,,,,,,,,,,,,,,,,,,
"AwsAccountId-00002","AwsAccountAlias-00002","BucketName-00081","us-east-1","","False",,,,,,,,,,,"2","0","0","0","0","9518",,,,,,,,,,,,,,,,,,,,,,,,,,,,,,,,,,,,,,,,,,,,,,,,,,,,,,,,,,,,,,,,,,,,,
"AwsAccountId-00002","AwsAccountAlias-00002","BucketName-00082","us-east-1","","False",,,,,,,,,,,"6","0","0","0","0","29400",,,,,,,,,,,,,,,,,,,,,,,,,,,,,,,,,,,,,,,,,,,,,,,,,,,,,,,,,,,,,,,,,,,,,
"AwsAccountId-00002","AwsAccountAlias-00002","BucketName-00083","us-east-2","","False",,,,,,,,,,,"16","0","0","0","0","35593",,,,,,,,,,,,,,,,,,,,,,,,,,,,,,,,,,,,,,,,,,,,,,,,,,,,,,,,,,,,,,,,,,,,,
"AwsAccountId-00002","AwsAccountAlias-00002","BucketName-00084","us-east-2","","False",,,,,,,,,,,"3","0","0","0","0","12624",,,,,,,,,,,,,,,,,,,,,,,,,,,,,,,,,,,,,,,,,"TagValue-00118","AwsAccountAlias-00002","TagValue-00092","TagValue-00043","TagValue-00045","TagValue-00048","TagValue-00119",,,,,,,,,,,,,,,,,,,,,,
"AwsAccountId-00002","AwsAccountAlias-00002","BucketName-00085","us-east-2","","False",,,,,,,,,,,"12","0","0","0","0","25006",,,,,,,,,,,,,,,,,,,,,,,,,,,,,,,,,,,,,,,,,"TagValue-00120","AwsAccountAlias-00002","TagValue-00092","TagValue-00043","TagValue-00045","TagValue-00048","TagValue-00121",,,,,,,,,,,,,,,,,,,,,,
"AwsAccountId-00002","AwsAccountAlias-00002","BucketName-00086","us-east-2","","False",,,,,,,,,,,"4","0","0","0","0","55535",,,,,,,,,,,,,,,,,,,,,,,,,,,,,,,,,,,,,,,,,,,,,,,,,,,,,,,,,,,,,,,,,,,,,
"AwsAccountId-00002","AwsAccountAlias-00002","BucketName-00087","us-east-2","","False",,,,,,,,,,,"24","0","0","0","0","49680",,,,,,,,,,,,,,,,,,,,,,,,,,,,,,,,,,,,,,,,,"TagValue-00120","AwsAccountAlias-00002","TagValue-00092","TagValue-00043","TagValue-00122","TagValue-00048","TagValue-00123",,,,,,,,,,,,,,,,,,,,,,
"AwsAccountId-00002","AwsAccountAlias-00002","BucketName-00088","us-east-2","","False",,,,,,,,,,,"14","0","0","0","0","25769",,,,,,,,,,,,,,,,,,,,,,,,,,,,,,,,,,,,,,,,,"TagValue-00118","TagValue-00124","TagValue-00092","TagValue-00043","TagValue-00125","TagValue-00048","TagValue-00126",,,,,,,,,,,,,,,,,,,,,,
"AwsAccountId-00002","AwsAccountAlias-00002","BucketName-00089","us-east-2","","False",,,,,,,,,,,"17","0","0","0","0","26322",,,,,,,,,,,,,,,,,,,,,,,,,,,,,,,,,,,,,,,,,"TagValue-00120","TagValue-00124","TagValue-00092","TagValue-00043","TagValue-00125","TagValue-00048","TagValue-00127",,,,,,,,,,,,,,,,,,,,,,
"AwsAccountId-00002","AwsAccountAlias-00002","BucketName-00090","us-east-2","","False",,,,,,,,,,,"14","0","0","0","0","25800",,,,,,,,,,,,,,,,,,,,,,,,,,,,,,,,,,,,,,,,,"TagValue-00128","AwsAccountAlias-00002","TagValue-00092","TagValue-00043","TagValue-00129","TagValue-00048","TagValue-00130",,,,,,,,,,,,,,,,,,,,,,
"AwsAccountId-00002","AwsAccountAlias-00002","BucketName-00091","us-east-2","","False","0","0","0","0","26217","0.002","0","0.001","0","1677719","13",,,,,,,,,,,,,,,,,,,,,,,,,,,,,,,,,,,,,,,,,,,,,,"TagValue-00131","TagValue-00132","TagValue-00092","TagValue-00043","TagValue-00133","TagValue-00048","TagValue-00134",,,,,,,,,,,,,,,,,,,,,,
"AwsAccountId-00002","AwsAccountAlias-00002","BucketName-00092","us-east-2","","False",,,,,,,,,,,"13","0","0","0","0","238860",,,,,,,,,,,,,,,,,,,,,,,,,,,,,,,,,,,,,,,,,,,,,,,,,,,,,,,,,,,,,,,,,,,,,
